<?xml version="1.0" encoding="UTF-8"?>
<GenRun Id="impl_1" LaunchPart="xc7a35tcpg236-1" LaunchTime="1675470468">
  <File Type="ROUTE-PWR" Name="quest_e_power_routed.rpt"/>
  <File Type="PA-TCL" Name="quest_e.tcl"/>
  <File Type="BITSTR-MMI" Name="quest_e.mmi"/>
  <File Type="OPT-METHODOLOGY-DRC" Name="quest_e_methodology_drc_opted.rpt"/>
  <File Type="INIT-TIMING" Name="quest_e_timing_summary_init.rpt"/>
  <File Type="ROUTE-PWR-SUM" Name="quest_e_power_summary_routed.pb"/>
  <File Type="REPORTS-TCL" Name="quest_e_reports.tcl"/>
  <File Type="OPT-TIMING" Name="quest_e_timing_summary_opted.rpt"/>
  <File Type="OPT-DCP" Name="quest_e_opt.dcp"/>
  <File Type="OPT-DRC" Name="quest_e_drc_opted.rpt"/>
  <File Type="OPT-HWDEF" Name="quest_e.hwdef"/>
  <File Type="PWROPT-DCP" Name="quest_e_pwropt.dcp"/>
  <File Type="PWROPT-DRC" Name="quest_e_drc_pwropted.rpt"/>
  <File Type="PWROPT-TIMING" Name="quest_e_timing_summary_pwropted.rpt"/>
  <File Type="PLACE-DCP" Name="quest_e_placed.dcp"/>
  <File Type="PLACE-IO" Name="quest_e_io_placed.rpt"/>
  <File Type="PLACE-CLK" Name="quest_e_clock_utilization_placed.rpt"/>
  <File Type="PLACE-UTIL" Name="quest_e_utilization_placed.rpt"/>
  <File Type="PLACE-UTIL-PB" Name="quest_e_utilization_placed.pb"/>
  <File Type="PLACE-CTRL" Name="quest_e_control_sets_placed.rpt"/>
  <File Type="PLACE-SIMILARITY" Name="quest_e_incremental_reuse_placed.rpt"/>
  <File Type="PLACE-PRE-SIMILARITY" Name="quest_e_incremental_reuse_pre_placed.rpt"/>
  <File Type="BG-BIN" Name="quest_e.bin"/>
  <File Type="PLACE-TIMING" Name="quest_e_timing_summary_placed.rpt"/>
  <File Type="POSTPLACE-PWROPT-DCP" Name="quest_e_postplace_pwropt.dcp"/>
  <File Type="BITSTR-MSK" Name="quest_e.msk"/>
  <File Type="POSTPLACE-PWROPT-TIMING" Name="quest_e_timing_summary_postplace_pwropted.rpt"/>
  <File Type="PHYSOPT-DCP" Name="quest_e_physopt.dcp"/>
  <File Type="PHYSOPT-DRC" Name="quest_e_drc_physopted.rpt"/>
  <File Type="BITSTR-RBT" Name="quest_e.rbt"/>
  <File Type="PHYSOPT-TIMING" Name="quest_e_timing_summary_physopted.rpt"/>
  <File Type="ROUTE-ERROR-DCP" Name="quest_e_routed_error.dcp"/>
  <File Type="ROUTE-DCP" Name="quest_e_routed.dcp"/>
  <File Type="ROUTE-BLACKBOX-DCP" Name="quest_e_routed_bb.dcp"/>
  <File Type="ROUTE-DRC" Name="quest_e_drc_routed.rpt"/>
  <File Type="ROUTE-DRC-PB" Name="quest_e_drc_routed.pb"/>
  <File Type="ROUTE-DRC-RPX" Name="quest_e_drc_routed.rpx"/>
  <File Type="ROUTE-METHODOLOGY-DRC" Name="quest_e_methodology_drc_routed.rpt"/>
  <File Type="ROUTE-METHODOLOGY-DRC-RPX" Name="quest_e_methodology_drc_routed.rpx"/>
  <File Type="ROUTE-METHODOLOGY-DRC-PB" Name="quest_e_methodology_drc_routed.pb"/>
  <File Type="ROUTE-PWR-RPX" Name="quest_e_power_routed.rpx"/>
  <File Type="ROUTE-STATUS" Name="quest_e_route_status.rpt"/>
  <File Type="ROUTE-STATUS-PB" Name="quest_e_route_status.pb"/>
  <File Type="ROUTE-TIMINGSUMMARY" Name="quest_e_timing_summary_routed.rpt"/>
  <File Type="ROUTE-TIMING-PB" Name="quest_e_timing_summary_routed.pb"/>
  <File Type="ROUTE-TIMING-RPX" Name="quest_e_timing_summary_routed.rpx"/>
  <File Type="ROUTE-SIMILARITY" Name="quest_e_incremental_reuse_routed.rpt"/>
  <File Type="ROUTE-CLK" Name="quest_e_clock_utilization_routed.rpt"/>
  <File Type="ROUTE-BUS-SKEW" Name="quest_e_bus_skew_routed.rpt"/>
  <File Type="ROUTE-BUS-SKEW-PB" Name="quest_e_bus_skew_routed.pb"/>
  <File Type="ROUTE-BUS-SKEW-RPX" Name="quest_e_bus_skew_routed.rpx"/>
  <File Type="POSTROUTE-PHYSOPT-DCP" Name="quest_e_postroute_physopt.dcp"/>
  <File Type="POSTROUTE-PHYSOPT-BLACKBOX-DCP" Name="quest_e_postroute_physopt_bb.dcp"/>
  <File Type="POSTROUTE-PHYSOPT-TIMING" Name="quest_e_timing_summary_postroute_physopted.rpt"/>
  <File Type="POSTROUTE-PHYSOPT-TIMING-PB" Name="quest_e_timing_summary_postroute_physopted.pb"/>
  <File Type="POSTROUTE-PHYSOPT-TIMING-RPX" Name="quest_e_timing_summary_postroute_physopted.rpx"/>
  <File Type="POSTROUTE-PHYSOPT-BUS-SKEW" Name="quest_e_bus_skew_postroute_physopted.rpt"/>
  <File Type="BG-BIT" Name="quest_e.bit"/>
  <File Type="POSTROUTE-PHYSOPT-BUS-SKEW-PB" Name="quest_e_bus_skew_postroute_physopted.pb"/>
  <File Type="POSTROUTE-PHYSOPT-BUS-SKEW-RPX" Name="quest_e_bus_skew_postroute_physopted.rpx"/>
  <File Type="BITSTR-NKY" Name="quest_e.nky"/>
  <File Type="BITSTR-BMM" Name="quest_e_bd.bmm"/>
  <File Type="PDI-FILE" Name="quest_e.pdi"/>
  <File Type="RCFI_FILE" Name="quest_e.rcfi"/>
  <File Type="CFI_FILE" Name="quest_e.cfi"/>
  <File Type="RNPI_FILE" Name="quest_e.rnpi"/>
  <File Type="NPI_FILE" Name="quest_e.npi"/>
  <File Type="RBD_FILE" Name="quest_e.rbd"/>
  <File Type="BITSTR-LTX" Name="debug_nets.ltx"/>
  <File Type="BITSTR-LTX" Name="quest_e.ltx"/>
  <File Type="BITSTR-SYSDEF" Name="quest_e.sysdef"/>
  <File Type="BG-BGN" Name="quest_e.bgn"/>
  <File Type="BG-DRC" Name="quest_e.drc"/>
  <File Type="RDI-RDI" Name="quest_e.vdi"/>
  <File Type="WBT-USG" Name="usage_statistics_webtalk.html"/>
  <File Type="ROUTE-RQS" Name="quest_e_routed.rqs"/>
  <File Type="POSTROUTE-PHYSOPT-RQS" Name="quest_e_postroute_physopted.rqs"/>
  <File Type="ROUTE-RQS-RPT" Name="route_report_qor_suggestions_0.rpt"/>
  <File Type="POSTROUTE-PHYSOPT-RQS-RPT" Name="postroute_physopt_report_qor_suggestions_0.rpt"/>
  <FileSet Name="sources" Type="DesignSrcs" RelSrcDir="$PSRCDIR/sources_1" RelGenDir="$PGENDIR/sources_1">
    <Filter Type="Srcs"/>
    <File Path="$PSRCDIR/sources_1/new/quest_e.vhd">
      <FileInfo>
        <Attr Name="UsedIn" Val="synthesis"/>
        <Attr Name="UsedIn" Val="simulation"/>
      </FileInfo>
    </File>
    <Config>
      <Option Name="DesignMode" Val="RTL"/>
      <Option Name="TopModule" Val="quest_e"/>
      <Option Name="TopAutoSet" Val="TRUE"/>
    </Config>
  </FileSet>
  <FileSet Name="constrs_in" Type="Constrs" RelSrcDir="$PSRCDIR/constrs_1">
    <Filter Type="Constrs"/>
    <File Path="$PPRDIR/../../../Área de Trabalho/Basys3_Master.xdc">
      <FileInfo>
        <Attr Name="UsedIn" Val="synthesis"/>
        <Attr Name="UsedIn" Val="implementation"/>
      </FileInfo>
    </File>
    <Config>
      <Option Name="ConstrsType" Val="XDC"/>
    </Config>
  </FileSet>
  <FileSet Name="utils" Type="Utils" RelSrcDir="$PSRCDIR/utils_1">
    <Filter Type="Utils"/>
    <File Path="$PSRCDIR/utils_1/imports/synth_1/quest_e.dcp">
      <FileInfo>
        <Attr Name="UsedIn" Val="synthesis"/>
        <Attr Name="UsedIn" Val="implementation"/>
        <Attr Name="UsedInSteps" Val="synth_1"/>
        <Attr Name="AutoDcp" Val="1"/>
      </FileInfo>
    </File>
    <Config>
      <Option Name="TopAutoSet" Val="TRUE"/>
    </Config>
  </FileSet>
  <Strategy Version="1" Minor="2">
    <StratHandle Name="Vivado Implementation Defaults" Flow="Vivado Implementation 2022"/>
    <Step Id="init_design"/>
    <Step Id="opt_design"/>
    <Step Id="power_opt_design"/>
    <Step Id="place_design"/>
    <Step Id="post_place_power_opt_design"/>
    <Step Id="phys_opt_design"/>
    <Step Id="route_design"/>
    <Step Id="post_route_phys_opt_design"/>
    <Step Id="write_bitstream"/>
  </Strategy>
</GenRun>
