<?xml version="1.0"?>
<Checkpoint Version="19" Minor="0">
	<BUILD_NUMBER Name="3671981"/>
	<FULL_BUILD Name="SW Build 3671981 on Fri Oct 14 04:59:54 MDT 2022"/>
	<PRODUCT Name="Vivado v2022.2 (64-bit)"/>
	<Part Name="xc7a35tcpg236-1"/>
	<Top Name="campainha_main"/>
	<DisableAutoIOBuffers Name="0"/>
	<OutOfContext Name="0"/>
	<RunGenerated Name="1"/>
	<HDPlatform Name="0"/>
	<File Type="VERILOG_STUB" Name="campainha_main_stub.v" ModTime="1676550464"/>
	<File Type="VHDL_STUB" Name="campainha_main_stub.vhdl" ModTime="1676550464"/>
	<File Type="SHAPE" Name="campainha_main.shape" ModTime="1676550464"/>
	<File Type="EDIF" Name="campainha_main.edf" ModTime="1676550464"/>
	<File Type="XN" Name="campainha_main.xn" ModTime="1676550464"/>
	<File Type="INCR" Name="campainha_main.incr" ModTime="1676550464"/>
	<File Type="RDA" Name="campainha_main.rda" ModTime="1676550464"/>
	<File Type="JSON_RDA" Name="campainha_main_rda.json" ModTime="1676550464"/>
	<File Type="WDF" Name="campainha_main.wdf" ModTime="1676550464"/>
	<File Type="SYNTH" Name="campainha_main.synth" ModTime="1676550464"/>
</Checkpoint>

