<?xml version="1.0" encoding="UTF-8"?>
<GenRun Id="impl_1" LaunchPart="xc7a35tcpg236-1" LaunchTime="1671120184">
  <File Type="ROUTE-PWR" Name="quest_b_power_routed.rpt"/>
  <File Type="PA-TCL" Name="quest_b.tcl"/>
  <File Type="BITSTR-MMI" Name="quest_b.mmi"/>
  <File Type="OPT-METHODOLOGY-DRC" Name="quest_b_methodology_drc_opted.rpt"/>
  <File Type="INIT-TIMING" Name="quest_b_timing_summary_init.rpt"/>
  <File Type="ROUTE-PWR-SUM" Name="quest_b_power_summary_routed.pb"/>
  <File Type="REPORTS-TCL" Name="quest_b_reports.tcl"/>
  <File Type="OPT-TIMING" Name="quest_b_timing_summary_opted.rpt"/>
  <File Type="OPT-DCP" Name="quest_b_opt.dcp"/>
  <File Type="OPT-DRC" Name="quest_b_drc_opted.rpt"/>
  <File Type="OPT-HWDEF" Name="quest_b.hwdef"/>
  <File Type="PWROPT-DCP" Name="quest_b_pwropt.dcp"/>
  <File Type="PWROPT-DRC" Name="quest_b_drc_pwropted.rpt"/>
  <File Type="PWROPT-TIMING" Name="quest_b_timing_summary_pwropted.rpt"/>
  <File Type="PLACE-DCP" Name="quest_b_placed.dcp"/>
  <File Type="PLACE-IO" Name="quest_b_io_placed.rpt"/>
  <File Type="PLACE-CLK" Name="quest_b_clock_utilization_placed.rpt"/>
  <File Type="PLACE-UTIL" Name="quest_b_utilization_placed.rpt"/>
  <File Type="PLACE-UTIL-PB" Name="quest_b_utilization_placed.pb"/>
  <File Type="PLACE-CTRL" Name="quest_b_control_sets_placed.rpt"/>
  <File Type="PLACE-SIMILARITY" Name="quest_b_incremental_reuse_placed.rpt"/>
  <File Type="PLACE-PRE-SIMILARITY" Name="quest_b_incremental_reuse_pre_placed.rpt"/>
  <File Type="BG-BIN" Name="quest_b.bin"/>
  <File Type="PLACE-TIMING" Name="quest_b_timing_summary_placed.rpt"/>
  <File Type="POSTPLACE-PWROPT-DCP" Name="quest_b_postplace_pwropt.dcp"/>
  <File Type="BITSTR-MSK" Name="quest_b.msk"/>
  <File Type="POSTPLACE-PWROPT-TIMING" Name="quest_b_timing_summary_postplace_pwropted.rpt"/>
  <File Type="PHYSOPT-DCP" Name="quest_b_physopt.dcp"/>
  <File Type="PHYSOPT-DRC" Name="quest_b_drc_physopted.rpt"/>
  <File Type="BITSTR-RBT" Name="quest_b.rbt"/>
  <File Type="PHYSOPT-TIMING" Name="quest_b_timing_summary_physopted.rpt"/>
  <File Type="ROUTE-ERROR-DCP" Name="quest_b_routed_error.dcp"/>
  <File Type="ROUTE-DCP" Name="quest_b_routed.dcp"/>
  <File Type="ROUTE-BLACKBOX-DCP" Name="quest_b_routed_bb.dcp"/>
  <File Type="ROUTE-DRC" Name="quest_b_drc_routed.rpt"/>
  <File Type="ROUTE-DRC-PB" Name="quest_b_drc_routed.pb"/>
  <File Type="ROUTE-DRC-RPX" Name="quest_b_drc_routed.rpx"/>
  <File Type="ROUTE-METHODOLOGY-DRC" Name="quest_b_methodology_drc_routed.rpt"/>
  <File Type="ROUTE-METHODOLOGY-DRC-RPX" Name="quest_b_methodology_drc_routed.rpx"/>
  <File Type="ROUTE-METHODOLOGY-DRC-PB" Name="quest_b_methodology_drc_routed.pb"/>
  <File Type="ROUTE-PWR-RPX" Name="quest_b_power_routed.rpx"/>
  <File Type="ROUTE-STATUS" Name="quest_b_route_status.rpt"/>
  <File Type="ROUTE-STATUS-PB" Name="quest_b_route_status.pb"/>
  <File Type="ROUTE-TIMINGSUMMARY" Name="quest_b_timing_summary_routed.rpt"/>
  <File Type="ROUTE-TIMING-PB" Name="quest_b_timing_summary_routed.pb"/>
  <File Type="ROUTE-TIMING-RPX" Name="quest_b_timing_summary_routed.rpx"/>
  <File Type="ROUTE-SIMILARITY" Name="quest_b_incremental_reuse_routed.rpt"/>
  <File Type="ROUTE-CLK" Name="quest_b_clock_utilization_routed.rpt"/>
  <File Type="ROUTE-BUS-SKEW" Name="quest_b_bus_skew_routed.rpt"/>
  <File Type="ROUTE-BUS-SKEW-PB" Name="quest_b_bus_skew_routed.pb"/>
  <File Type="ROUTE-BUS-SKEW-RPX" Name="quest_b_bus_skew_routed.rpx"/>
  <File Type="POSTROUTE-PHYSOPT-DCP" Name="quest_b_postroute_physopt.dcp"/>
  <File Type="POSTROUTE-PHYSOPT-BLACKBOX-DCP" Name="quest_b_postroute_physopt_bb.dcp"/>
  <File Type="POSTROUTE-PHYSOPT-TIMING" Name="quest_b_timing_summary_postroute_physopted.rpt"/>
  <File Type="POSTROUTE-PHYSOPT-TIMING-PB" Name="quest_b_timing_summary_postroute_physopted.pb"/>
  <File Type="POSTROUTE-PHYSOPT-TIMING-RPX" Name="quest_b_timing_summary_postroute_physopted.rpx"/>
  <File Type="POSTROUTE-PHYSOPT-BUS-SKEW" Name="quest_b_bus_skew_postroute_physopted.rpt"/>
  <File Type="BG-BIT" Name="quest_b.bit"/>
  <File Type="POSTROUTE-PHYSOPT-BUS-SKEW-PB" Name="quest_b_bus_skew_postroute_physopted.pb"/>
  <File Type="POSTROUTE-PHYSOPT-BUS-SKEW-RPX" Name="quest_b_bus_skew_postroute_physopted.rpx"/>
  <File Type="BITSTR-NKY" Name="quest_b.nky"/>
  <File Type="BITSTR-BMM" Name="quest_b_bd.bmm"/>
  <File Type="PDI-FILE" Name="quest_b.pdi"/>
  <File Type="RCFI_FILE" Name="quest_b.rcfi"/>
  <File Type="CFI_FILE" Name="quest_b.cfi"/>
  <File Type="RNPI_FILE" Name="quest_b.rnpi"/>
  <File Type="NPI_FILE" Name="quest_b.npi"/>
  <File Type="RBD_FILE" Name="quest_b.rbd"/>
  <File Type="BITSTR-LTX" Name="debug_nets.ltx"/>
  <File Type="BITSTR-LTX" Name="quest_b.ltx"/>
  <File Type="BITSTR-SYSDEF" Name="quest_b.sysdef"/>
  <File Type="BG-BGN" Name="quest_b.bgn"/>
  <File Type="BG-DRC" Name="quest_b.drc"/>
  <File Type="RDI-RDI" Name="quest_b.vdi"/>
  <File Type="WBT-USG" Name="usage_statistics_webtalk.html"/>
  <File Type="ROUTE-RQS" Name="quest_b_routed.rqs"/>
  <File Type="POSTROUTE-PHYSOPT-RQS" Name="quest_b_postroute_physopted.rqs"/>
  <File Type="ROUTE-RQS-RPT" Name="route_report_qor_suggestions_0.rpt"/>
  <File Type="POSTROUTE-PHYSOPT-RQS-RPT" Name="postroute_physopt_report_qor_suggestions_0.rpt"/>
  <FileSet Name="sources" Type="DesignSrcs" RelSrcDir="$PSRCDIR/sources_1" RelGenDir="$PGENDIR/sources_1">
    <Filter Type="Srcs"/>
    <File Path="$PSRCDIR/sources_1/new/quest_b.vhd">
      <FileInfo>
        <Attr Name="UsedIn" Val="synthesis"/>
        <Attr Name="UsedIn" Val="simulation"/>
      </FileInfo>
    </File>
    <Config>
      <Option Name="DesignMode" Val="RTL"/>
      <Option Name="TopModule" Val="quest_b"/>
      <Option Name="TopAutoSet" Val="TRUE"/>
    </Config>
  </FileSet>
  <FileSet Name="constrs_in" Type="Constrs" RelSrcDir="$PSRCDIR/constrs_1">
    <Filter Type="Constrs"/>
    <File Path="$PPRDIR/../../../Documentos/PED/Exemplos Aula 04/Basys3_Master.xdc">
      <FileInfo>
        <Attr Name="UsedIn" Val="synthesis"/>
        <Attr Name="UsedIn" Val="implementation"/>
      </FileInfo>
    </File>
    <Config>
      <Option Name="ConstrsType" Val="XDC"/>
    </Config>
  </FileSet>
  <FileSet Name="utils" Type="Utils" RelSrcDir="$PSRCDIR/utils_1">
    <Filter Type="Utils"/>
    <Config>
      <Option Name="TopAutoSet" Val="TRUE"/>
    </Config>
  </FileSet>
  <Strategy Version="1" Minor="2">
    <StratHandle Name="Vivado Implementation Defaults" Flow="Vivado Implementation 2022">
      <Desc>Default settings for Implementation.</Desc>
    </StratHandle>
    <Step Id="init_design"/>
    <Step Id="opt_design"/>
    <Step Id="power_opt_design"/>
    <Step Id="place_design"/>
    <Step Id="post_place_power_opt_design"/>
    <Step Id="phys_opt_design"/>
    <Step Id="route_design"/>
    <Step Id="post_route_phys_opt_design"/>
    <Step Id="write_bitstream"/>
  </Strategy>
</GenRun>
