<?xml version="1.0" encoding="UTF-8"?>
<GenRun Id="impl_1" LaunchPart="xc7a35tcpg236-1" LaunchTime="1673574738">
  <File Type="ROUTE-PWR" Name="Vagas_power_routed.rpt"/>
  <File Type="PA-TCL" Name="Vagas.tcl"/>
  <File Type="BITSTR-MMI" Name="Vagas.mmi"/>
  <File Type="OPT-METHODOLOGY-DRC" Name="Vagas_methodology_drc_opted.rpt"/>
  <File Type="INIT-TIMING" Name="Vagas_timing_summary_init.rpt"/>
  <File Type="ROUTE-PWR-SUM" Name="Vagas_power_summary_routed.pb"/>
  <File Type="REPORTS-TCL" Name="Vagas_reports.tcl"/>
  <File Type="OPT-TIMING" Name="Vagas_timing_summary_opted.rpt"/>
  <File Type="OPT-DCP" Name="Vagas_opt.dcp"/>
  <File Type="OPT-DRC" Name="Vagas_drc_opted.rpt"/>
  <File Type="OPT-HWDEF" Name="Vagas.hwdef"/>
  <File Type="PWROPT-DCP" Name="Vagas_pwropt.dcp"/>
  <File Type="PWROPT-DRC" Name="Vagas_drc_pwropted.rpt"/>
  <File Type="PWROPT-TIMING" Name="Vagas_timing_summary_pwropted.rpt"/>
  <File Type="PLACE-DCP" Name="Vagas_placed.dcp"/>
  <File Type="PLACE-IO" Name="Vagas_io_placed.rpt"/>
  <File Type="PLACE-CLK" Name="Vagas_clock_utilization_placed.rpt"/>
  <File Type="PLACE-UTIL" Name="Vagas_utilization_placed.rpt"/>
  <File Type="PLACE-UTIL-PB" Name="Vagas_utilization_placed.pb"/>
  <File Type="PLACE-CTRL" Name="Vagas_control_sets_placed.rpt"/>
  <File Type="PLACE-SIMILARITY" Name="Vagas_incremental_reuse_placed.rpt"/>
  <File Type="PLACE-PRE-SIMILARITY" Name="Vagas_incremental_reuse_pre_placed.rpt"/>
  <File Type="BG-BIN" Name="Vagas.bin"/>
  <File Type="PLACE-TIMING" Name="Vagas_timing_summary_placed.rpt"/>
  <File Type="POSTPLACE-PWROPT-DCP" Name="Vagas_postplace_pwropt.dcp"/>
  <File Type="BITSTR-MSK" Name="Vagas.msk"/>
  <File Type="POSTPLACE-PWROPT-TIMING" Name="Vagas_timing_summary_postplace_pwropted.rpt"/>
  <File Type="PHYSOPT-DCP" Name="Vagas_physopt.dcp"/>
  <File Type="PHYSOPT-DRC" Name="Vagas_drc_physopted.rpt"/>
  <File Type="BITSTR-RBT" Name="Vagas.rbt"/>
  <File Type="PHYSOPT-TIMING" Name="Vagas_timing_summary_physopted.rpt"/>
  <File Type="ROUTE-ERROR-DCP" Name="Vagas_routed_error.dcp"/>
  <File Type="ROUTE-DCP" Name="Vagas_routed.dcp"/>
  <File Type="ROUTE-BLACKBOX-DCP" Name="Vagas_routed_bb.dcp"/>
  <File Type="ROUTE-DRC" Name="Vagas_drc_routed.rpt"/>
  <File Type="ROUTE-DRC-PB" Name="Vagas_drc_routed.pb"/>
  <File Type="ROUTE-DRC-RPX" Name="Vagas_drc_routed.rpx"/>
  <File Type="ROUTE-METHODOLOGY-DRC" Name="Vagas_methodology_drc_routed.rpt"/>
  <File Type="ROUTE-METHODOLOGY-DRC-RPX" Name="Vagas_methodology_drc_routed.rpx"/>
  <File Type="ROUTE-METHODOLOGY-DRC-PB" Name="Vagas_methodology_drc_routed.pb"/>
  <File Type="ROUTE-PWR-RPX" Name="Vagas_power_routed.rpx"/>
  <File Type="ROUTE-STATUS" Name="Vagas_route_status.rpt"/>
  <File Type="ROUTE-STATUS-PB" Name="Vagas_route_status.pb"/>
  <File Type="ROUTE-TIMINGSUMMARY" Name="Vagas_timing_summary_routed.rpt"/>
  <File Type="ROUTE-TIMING-PB" Name="Vagas_timing_summary_routed.pb"/>
  <File Type="ROUTE-TIMING-RPX" Name="Vagas_timing_summary_routed.rpx"/>
  <File Type="ROUTE-SIMILARITY" Name="Vagas_incremental_reuse_routed.rpt"/>
  <File Type="ROUTE-CLK" Name="Vagas_clock_utilization_routed.rpt"/>
  <File Type="ROUTE-BUS-SKEW" Name="Vagas_bus_skew_routed.rpt"/>
  <File Type="ROUTE-BUS-SKEW-PB" Name="Vagas_bus_skew_routed.pb"/>
  <File Type="ROUTE-BUS-SKEW-RPX" Name="Vagas_bus_skew_routed.rpx"/>
  <File Type="POSTROUTE-PHYSOPT-DCP" Name="Vagas_postroute_physopt.dcp"/>
  <File Type="POSTROUTE-PHYSOPT-BLACKBOX-DCP" Name="Vagas_postroute_physopt_bb.dcp"/>
  <File Type="POSTROUTE-PHYSOPT-TIMING" Name="Vagas_timing_summary_postroute_physopted.rpt"/>
  <File Type="POSTROUTE-PHYSOPT-TIMING-PB" Name="Vagas_timing_summary_postroute_physopted.pb"/>
  <File Type="POSTROUTE-PHYSOPT-TIMING-RPX" Name="Vagas_timing_summary_postroute_physopted.rpx"/>
  <File Type="POSTROUTE-PHYSOPT-BUS-SKEW" Name="Vagas_bus_skew_postroute_physopted.rpt"/>
  <File Type="BG-BIT" Name="Vagas.bit"/>
  <File Type="POSTROUTE-PHYSOPT-BUS-SKEW-PB" Name="Vagas_bus_skew_postroute_physopted.pb"/>
  <File Type="POSTROUTE-PHYSOPT-BUS-SKEW-RPX" Name="Vagas_bus_skew_postroute_physopted.rpx"/>
  <File Type="BITSTR-NKY" Name="Vagas.nky"/>
  <File Type="BITSTR-BMM" Name="Vagas_bd.bmm"/>
  <File Type="PDI-FILE" Name="Vagas.pdi"/>
  <File Type="RCFI_FILE" Name="Vagas.rcfi"/>
  <File Type="CFI_FILE" Name="Vagas.cfi"/>
  <File Type="RNPI_FILE" Name="Vagas.rnpi"/>
  <File Type="NPI_FILE" Name="Vagas.npi"/>
  <File Type="RBD_FILE" Name="Vagas.rbd"/>
  <File Type="BITSTR-LTX" Name="debug_nets.ltx"/>
  <File Type="BITSTR-LTX" Name="Vagas.ltx"/>
  <File Type="BITSTR-SYSDEF" Name="Vagas.sysdef"/>
  <File Type="BG-BGN" Name="Vagas.bgn"/>
  <File Type="BG-DRC" Name="Vagas.drc"/>
  <File Type="RDI-RDI" Name="Vagas.vdi"/>
  <File Type="WBT-USG" Name="usage_statistics_webtalk.html"/>
  <File Type="ROUTE-RQS" Name="Vagas_routed.rqs"/>
  <File Type="POSTROUTE-PHYSOPT-RQS" Name="Vagas_postroute_physopted.rqs"/>
  <File Type="ROUTE-RQS-RPT" Name="route_report_qor_suggestions_0.rpt"/>
  <File Type="POSTROUTE-PHYSOPT-RQS-RPT" Name="postroute_physopt_report_qor_suggestions_0.rpt"/>
  <FileSet Name="sources" Type="DesignSrcs" RelSrcDir="$PSRCDIR/sources_1" RelGenDir="$PGENDIR/sources_1">
    <Filter Type="Srcs"/>
    <File Path="$PPRDIR/../../../Área de Trabalho/questão_d.vhd">
      <FileInfo>
        <Attr Name="UsedIn" Val="synthesis"/>
        <Attr Name="UsedIn" Val="simulation"/>
      </FileInfo>
    </File>
    <Config>
      <Option Name="DesignMode" Val="RTL"/>
      <Option Name="TopModule" Val="Vagas"/>
      <Option Name="TopAutoSet" Val="TRUE"/>
    </Config>
  </FileSet>
  <FileSet Name="constrs_in" Type="Constrs" RelSrcDir="$PSRCDIR/constrs_1">
    <Filter Type="Constrs"/>
    <File Path="$PPRDIR/../../../Área de Trabalho/Basys3_Master.xdc">
      <FileInfo>
        <Attr Name="UsedIn" Val="synthesis"/>
        <Attr Name="UsedIn" Val="implementation"/>
      </FileInfo>
    </File>
    <Config>
      <Option Name="ConstrsType" Val="XDC"/>
    </Config>
  </FileSet>
  <FileSet Name="utils" Type="Utils" RelSrcDir="$PSRCDIR/utils_1">
    <Filter Type="Utils"/>
    <File Path="$PSRCDIR/utils_1/imports/synth_1/estacionamento.dcp">
      <FileInfo>
        <Attr Name="UsedIn" Val="synthesis"/>
        <Attr Name="UsedIn" Val="implementation"/>
        <Attr Name="UsedInSteps" Val="synth_1"/>
        <Attr Name="AutoDcp" Val="1"/>
      </FileInfo>
    </File>
    <Config>
      <Option Name="TopAutoSet" Val="TRUE"/>
    </Config>
  </FileSet>
  <Strategy Version="1" Minor="2">
    <StratHandle Name="Vivado Implementation Defaults" Flow="Vivado Implementation 2022">
      <Desc>Default settings for Implementation.</Desc>
    </StratHandle>
    <Step Id="init_design"/>
    <Step Id="opt_design"/>
    <Step Id="power_opt_design"/>
    <Step Id="place_design"/>
    <Step Id="post_place_power_opt_design"/>
    <Step Id="phys_opt_design"/>
    <Step Id="route_design"/>
    <Step Id="post_route_phys_opt_design"/>
    <Step Id="write_bitstream"/>
  </Strategy>
</GenRun>
