<?xml version="1.0" encoding="UTF-8"?>
<GenRun Id="impl_1" LaunchPart="xc7a35tcpg236-1" LaunchTime="1676550809">
  <File Type="POSTROUTE-PHYSOPT-RQS-RPT" Name="postroute_physopt_report_qor_suggestions_0.rpt"/>
  <File Type="ROUTE-RQS-RPT" Name="route_report_qor_suggestions_0.rpt"/>
  <File Type="POSTROUTE-PHYSOPT-RQS" Name="campainha_main_postroute_physopted.rqs"/>
  <File Type="ROUTE-RQS" Name="campainha_main_routed.rqs"/>
  <File Type="WBT-USG" Name="usage_statistics_webtalk.html"/>
  <File Type="BG-DRC" Name="campainha_main.drc"/>
  <File Type="BG-BGN" Name="campainha_main.bgn"/>
  <File Type="BITSTR-SYSDEF" Name="campainha_main.sysdef"/>
  <File Type="BITSTR-LTX" Name="debug_nets.ltx"/>
  <File Type="BITSTR-LTX" Name="campainha_main.ltx"/>
  <File Type="RBD_FILE" Name="campainha_main.rbd"/>
  <File Type="NPI_FILE" Name="campainha_main.npi"/>
  <File Type="RNPI_FILE" Name="campainha_main.rnpi"/>
  <File Type="CFI_FILE" Name="campainha_main.cfi"/>
  <File Type="RCFI_FILE" Name="campainha_main.rcfi"/>
  <File Type="RDI-RDI" Name="campainha_main.vdi"/>
  <File Type="PDI-FILE" Name="campainha_main.pdi"/>
  <File Type="BITSTR-MMI" Name="campainha_main.mmi"/>
  <File Type="BITSTR-BMM" Name="campainha_main_bd.bmm"/>
  <File Type="BITSTR-NKY" Name="campainha_main.nky"/>
  <File Type="BITSTR-RBT" Name="campainha_main.rbt"/>
  <File Type="BITSTR-MSK" Name="campainha_main.msk"/>
  <File Type="BG-BIN" Name="campainha_main.bin"/>
  <File Type="BG-BIT" Name="campainha_main.bit"/>
  <File Type="POSTROUTE-PHYSOPT-BUS-SKEW-RPX" Name="campainha_main_bus_skew_postroute_physopted.rpx"/>
  <File Type="POSTROUTE-PHYSOPT-BUS-SKEW-PB" Name="campainha_main_bus_skew_postroute_physopted.pb"/>
  <File Type="POSTROUTE-PHYSOPT-BUS-SKEW" Name="campainha_main_bus_skew_postroute_physopted.rpt"/>
  <File Type="POSTROUTE-PHYSOPT-TIMING-RPX" Name="campainha_main_timing_summary_postroute_physopted.rpx"/>
  <File Type="POSTROUTE-PHYSOPT-TIMING-PB" Name="campainha_main_timing_summary_postroute_physopted.pb"/>
  <File Type="POSTROUTE-PHYSOPT-TIMING" Name="campainha_main_timing_summary_postroute_physopted.rpt"/>
  <File Type="POSTROUTE-PHYSOPT-BLACKBOX-DCP" Name="campainha_main_postroute_physopt_bb.dcp"/>
  <File Type="POSTROUTE-PHYSOPT-DCP" Name="campainha_main_postroute_physopt.dcp"/>
  <File Type="ROUTE-BUS-SKEW-RPX" Name="campainha_main_bus_skew_routed.rpx"/>
  <File Type="ROUTE-BUS-SKEW-PB" Name="campainha_main_bus_skew_routed.pb"/>
  <File Type="ROUTE-BUS-SKEW" Name="campainha_main_bus_skew_routed.rpt"/>
  <File Type="ROUTE-CLK" Name="campainha_main_clock_utilization_routed.rpt"/>
  <File Type="ROUTE-SIMILARITY" Name="campainha_main_incremental_reuse_routed.rpt"/>
  <File Type="ROUTE-TIMING-RPX" Name="campainha_main_timing_summary_routed.rpx"/>
  <File Type="ROUTE-TIMING-PB" Name="campainha_main_timing_summary_routed.pb"/>
  <File Type="ROUTE-TIMINGSUMMARY" Name="campainha_main_timing_summary_routed.rpt"/>
  <File Type="ROUTE-STATUS-PB" Name="campainha_main_route_status.pb"/>
  <File Type="ROUTE-STATUS" Name="campainha_main_route_status.rpt"/>
  <File Type="ROUTE-PWR-RPX" Name="campainha_main_power_routed.rpx"/>
  <File Type="ROUTE-PWR-SUM" Name="campainha_main_power_summary_routed.pb"/>
  <File Type="ROUTE-PWR" Name="campainha_main_power_routed.rpt"/>
  <File Type="ROUTE-METHODOLOGY-DRC-PB" Name="campainha_main_methodology_drc_routed.pb"/>
  <File Type="ROUTE-METHODOLOGY-DRC-RPX" Name="campainha_main_methodology_drc_routed.rpx"/>
  <File Type="ROUTE-METHODOLOGY-DRC" Name="campainha_main_methodology_drc_routed.rpt"/>
  <File Type="ROUTE-DRC-RPX" Name="campainha_main_drc_routed.rpx"/>
  <File Type="ROUTE-DRC-PB" Name="campainha_main_drc_routed.pb"/>
  <File Type="ROUTE-DRC" Name="campainha_main_drc_routed.rpt"/>
  <File Type="ROUTE-BLACKBOX-DCP" Name="campainha_main_routed_bb.dcp"/>
  <File Type="ROUTE-DCP" Name="campainha_main_routed.dcp"/>
  <File Type="ROUTE-ERROR-DCP" Name="campainha_main_routed_error.dcp"/>
  <File Type="PHYSOPT-TIMING" Name="campainha_main_timing_summary_physopted.rpt"/>
  <File Type="PHYSOPT-DRC" Name="campainha_main_drc_physopted.rpt"/>
  <File Type="PHYSOPT-DCP" Name="campainha_main_physopt.dcp"/>
  <File Type="POSTPLACE-PWROPT-TIMING" Name="campainha_main_timing_summary_postplace_pwropted.rpt"/>
  <File Type="POSTPLACE-PWROPT-DCP" Name="campainha_main_postplace_pwropt.dcp"/>
  <File Type="PLACE-TIMING" Name="campainha_main_timing_summary_placed.rpt"/>
  <File Type="PLACE-PRE-SIMILARITY" Name="campainha_main_incremental_reuse_pre_placed.rpt"/>
  <File Type="PLACE-SIMILARITY" Name="campainha_main_incremental_reuse_placed.rpt"/>
  <File Type="PLACE-CTRL" Name="campainha_main_control_sets_placed.rpt"/>
  <File Type="PLACE-UTIL-PB" Name="campainha_main_utilization_placed.pb"/>
  <File Type="PLACE-UTIL" Name="campainha_main_utilization_placed.rpt"/>
  <File Type="PLACE-CLK" Name="campainha_main_clock_utilization_placed.rpt"/>
  <File Type="PLACE-IO" Name="campainha_main_io_placed.rpt"/>
  <File Type="PLACE-DCP" Name="campainha_main_placed.dcp"/>
  <File Type="PWROPT-TIMING" Name="campainha_main_timing_summary_pwropted.rpt"/>
  <File Type="PWROPT-DRC" Name="campainha_main_drc_pwropted.rpt"/>
  <File Type="PWROPT-DCP" Name="campainha_main_pwropt.dcp"/>
  <File Type="OPT-HWDEF" Name="campainha_main.hwdef"/>
  <File Type="OPT-METHODOLOGY-DRC" Name="campainha_main_methodology_drc_opted.rpt"/>
  <File Type="OPT-DRC" Name="campainha_main_drc_opted.rpt"/>
  <File Type="OPT-DCP" Name="campainha_main_opt.dcp"/>
  <File Type="OPT-TIMING" Name="campainha_main_timing_summary_opted.rpt"/>
  <File Type="REPORTS-TCL" Name="campainha_main_reports.tcl"/>
  <File Type="INIT-TIMING" Name="campainha_main_timing_summary_init.rpt"/>
  <File Type="PA-TCL" Name="campainha_main.tcl"/>
  <FileSet Name="sources" Type="DesignSrcs" RelSrcDir="$PSRCDIR/sources_1" RelGenDir="$PGENDIR/sources_1">
    <Filter Type="Srcs"/>
    <File Path="$PSRCDIR/sources_1/new/clk_divider.vhd">
      <FileInfo>
        <Attr Name="Library" Val="work"/>
        <Attr Name="UsedIn" Val="synthesis"/>
        <Attr Name="UsedIn" Val="simulation"/>
      </FileInfo>
    </File>
    <File Path="$PSRCDIR/sources_1/new/clock_diviser_comp.vhd">
      <FileInfo>
        <Attr Name="Library" Val="work"/>
        <Attr Name="UsedIn" Val="synthesis"/>
        <Attr Name="UsedIn" Val="simulation"/>
      </FileInfo>
    </File>
    <File Path="$PSRCDIR/sources_1/imports/musica/notes.vhd">
      <FileInfo>
        <Attr Name="Library" Val="work"/>
        <Attr Name="ImportPath" Val="$PPRDIR/../musica/notes.vhd"/>
        <Attr Name="ImportTime" Val="1527483420"/>
        <Attr Name="UsedIn" Val="synthesis"/>
        <Attr Name="UsedIn" Val="simulation"/>
      </FileInfo>
    </File>
    <File Path="$PSRCDIR/sources_1/new/music.vhd">
      <FileInfo>
        <Attr Name="Library" Val="work"/>
        <Attr Name="UsedIn" Val="synthesis"/>
        <Attr Name="UsedIn" Val="simulation"/>
      </FileInfo>
    </File>
    <File Path="$PSRCDIR/sources_1/new/sound_generator.vhd">
      <FileInfo>
        <Attr Name="Library" Val="work"/>
        <Attr Name="UsedIn" Val="synthesis"/>
        <Attr Name="UsedIn" Val="simulation"/>
      </FileInfo>
    </File>
    <File Path="$PSRCDIR/sources_1/new/timer.vhd">
      <FileInfo>
        <Attr Name="Library" Val="work"/>
        <Attr Name="UsedIn" Val="synthesis"/>
        <Attr Name="UsedIn" Val="simulation"/>
      </FileInfo>
    </File>
    <File Path="$PSRCDIR/sources_1/new/wwq.vhd">
      <FileInfo>
        <Attr Name="Library" Val="work"/>
        <Attr Name="UsedIn" Val="synthesis"/>
        <Attr Name="UsedIn" Val="simulation"/>
      </FileInfo>
    </File>
    <File Path="$PSRCDIR/sources_1/new/campainha_main.vhd">
      <FileInfo>
        <Attr Name="Library" Val="work"/>
        <Attr Name="UsedIn" Val="synthesis"/>
        <Attr Name="UsedIn" Val="simulation"/>
      </FileInfo>
    </File>
    <File Path="$PSRCDIR/sources_1/new/campainha_main_tb.vhd">
      <FileInfo>
        <Attr Name="UserDisabled" Val="1"/>
        <Attr Name="UsedIn" Val="synthesis"/>
        <Attr Name="UsedIn" Val="simulation"/>
      </FileInfo>
    </File>
    <File Path="$PSRCDIR/sources_1/new/clk_divider_tb.vhd">
      <FileInfo>
        <Attr Name="UserDisabled" Val="1"/>
        <Attr Name="UsedIn" Val="synthesis"/>
        <Attr Name="UsedIn" Val="simulation"/>
      </FileInfo>
    </File>
    <File Path="$PSRCDIR/sources_1/new/timer_testebach.vhd">
      <FileInfo>
        <Attr Name="UserDisabled" Val="1"/>
        <Attr Name="UsedIn" Val="synthesis"/>
        <Attr Name="UsedIn" Val="simulation"/>
      </FileInfo>
    </File>
    <File Path="$PSRCDIR/sources_1/new/frequency_indicator_tb.vhd">
      <FileInfo>
        <Attr Name="UserDisabled" Val="1"/>
        <Attr Name="UsedIn" Val="synthesis"/>
        <Attr Name="UsedIn" Val="simulation"/>
      </FileInfo>
    </File>
    <File Path="$PSRCDIR/sources_1/new/sound_generator_tb.vhd">
      <FileInfo>
        <Attr Name="UserDisabled" Val="1"/>
        <Attr Name="UsedIn" Val="synthesis"/>
        <Attr Name="UsedIn" Val="simulation"/>
      </FileInfo>
    </File>
    <Config>
      <Option Name="DesignMode" Val="RTL"/>
      <Option Name="TopModule" Val="campainha_main"/>
    </Config>
  </FileSet>
  <FileSet Name="constrs_in" Type="Constrs" RelSrcDir="$PSRCDIR/constrs_1">
    <Filter Type="Constrs"/>
    <File Path="$PSRCDIR/constrs_1/imports/Downloads/Basys3_Master.xdc">
      <FileInfo>
        <Attr Name="ImportPath" Val="$PPRDIR/../../Downloads/Basys3_Master.xdc"/>
        <Attr Name="ImportTime" Val="1408379954"/>
        <Attr Name="UsedIn" Val="synthesis"/>
        <Attr Name="UsedIn" Val="implementation"/>
      </FileInfo>
    </File>
    <Config>
      <Option Name="ConstrsType" Val="XDC"/>
    </Config>
  </FileSet>
  <FileSet Name="utils" Type="Utils" RelSrcDir="$PSRCDIR/utils_1">
    <Filter Type="Utils"/>
    <File Path="$PSRCDIR/utils_1/imports/synth_1/conv_sp.dcp">
      <FileInfo>
        <Attr Name="UsedIn" Val="synthesis"/>
        <Attr Name="UsedIn" Val="implementation"/>
        <Attr Name="UsedInSteps" Val="synth_1"/>
        <Attr Name="AutoDcp" Val="1"/>
      </FileInfo>
    </File>
    <Config>
      <Option Name="TopAutoSet" Val="TRUE"/>
    </Config>
  </FileSet>
  <Strategy Version="1" Minor="2">
    <StratHandle Name="Vivado Implementation Defaults" Flow="Vivado Implementation 2022"/>
    <Step Id="init_design"/>
    <Step Id="opt_design"/>
    <Step Id="power_opt_design"/>
    <Step Id="place_design"/>
    <Step Id="post_place_power_opt_design"/>
    <Step Id="phys_opt_design"/>
    <Step Id="route_design"/>
    <Step Id="post_route_phys_opt_design"/>
    <Step Id="write_bitstream"/>
  </Strategy>
</GenRun>
