<?xml version="1.0" encoding="UTF-8"?>
<GenRun Id="impl_1" LaunchPart="xc7a35tcpg236-1" LaunchTime="1669259327">
  <File Type="ROUTE-PWR" Name="Rel_power_routed.rpt"/>
  <File Type="PA-TCL" Name="Rel.tcl"/>
  <File Type="BITSTR-MMI" Name="Rel.mmi"/>
  <File Type="OPT-METHODOLOGY-DRC" Name="Rel_methodology_drc_opted.rpt"/>
  <File Type="INIT-TIMING" Name="Rel_timing_summary_init.rpt"/>
  <File Type="ROUTE-PWR-SUM" Name="Rel_power_summary_routed.pb"/>
  <File Type="REPORTS-TCL" Name="Rel_reports.tcl"/>
  <File Type="OPT-TIMING" Name="Rel_timing_summary_opted.rpt"/>
  <File Type="OPT-DCP" Name="Rel_opt.dcp"/>
  <File Type="OPT-DRC" Name="Rel_drc_opted.rpt"/>
  <File Type="OPT-HWDEF" Name="Rel.hwdef"/>
  <File Type="PWROPT-DCP" Name="Rel_pwropt.dcp"/>
  <File Type="PWROPT-DRC" Name="Rel_drc_pwropted.rpt"/>
  <File Type="PWROPT-TIMING" Name="Rel_timing_summary_pwropted.rpt"/>
  <File Type="PLACE-DCP" Name="Rel_placed.dcp"/>
  <File Type="PLACE-IO" Name="Rel_io_placed.rpt"/>
  <File Type="PLACE-CLK" Name="Rel_clock_utilization_placed.rpt"/>
  <File Type="PLACE-UTIL" Name="Rel_utilization_placed.rpt"/>
  <File Type="PLACE-UTIL-PB" Name="Rel_utilization_placed.pb"/>
  <File Type="PLACE-CTRL" Name="Rel_control_sets_placed.rpt"/>
  <File Type="PLACE-SIMILARITY" Name="Rel_incremental_reuse_placed.rpt"/>
  <File Type="PLACE-PRE-SIMILARITY" Name="Rel_incremental_reuse_pre_placed.rpt"/>
  <File Type="BG-BIN" Name="Rel.bin"/>
  <File Type="PLACE-TIMING" Name="Rel_timing_summary_placed.rpt"/>
  <File Type="POSTPLACE-PWROPT-DCP" Name="Rel_postplace_pwropt.dcp"/>
  <File Type="BITSTR-MSK" Name="Rel.msk"/>
  <File Type="POSTPLACE-PWROPT-TIMING" Name="Rel_timing_summary_postplace_pwropted.rpt"/>
  <File Type="PHYSOPT-DCP" Name="Rel_physopt.dcp"/>
  <File Type="PHYSOPT-DRC" Name="Rel_drc_physopted.rpt"/>
  <File Type="BITSTR-RBT" Name="Rel.rbt"/>
  <File Type="PHYSOPT-TIMING" Name="Rel_timing_summary_physopted.rpt"/>
  <File Type="ROUTE-ERROR-DCP" Name="Rel_routed_error.dcp"/>
  <File Type="ROUTE-DCP" Name="Rel_routed.dcp"/>
  <File Type="ROUTE-BLACKBOX-DCP" Name="Rel_routed_bb.dcp"/>
  <File Type="ROUTE-DRC" Name="Rel_drc_routed.rpt"/>
  <File Type="ROUTE-DRC-PB" Name="Rel_drc_routed.pb"/>
  <File Type="ROUTE-DRC-RPX" Name="Rel_drc_routed.rpx"/>
  <File Type="ROUTE-METHODOLOGY-DRC" Name="Rel_methodology_drc_routed.rpt"/>
  <File Type="ROUTE-METHODOLOGY-DRC-RPX" Name="Rel_methodology_drc_routed.rpx"/>
  <File Type="ROUTE-METHODOLOGY-DRC-PB" Name="Rel_methodology_drc_routed.pb"/>
  <File Type="ROUTE-PWR-RPX" Name="Rel_power_routed.rpx"/>
  <File Type="ROUTE-STATUS" Name="Rel_route_status.rpt"/>
  <File Type="ROUTE-STATUS-PB" Name="Rel_route_status.pb"/>
  <File Type="ROUTE-TIMINGSUMMARY" Name="Rel_timing_summary_routed.rpt"/>
  <File Type="ROUTE-TIMING-PB" Name="Rel_timing_summary_routed.pb"/>
  <File Type="ROUTE-TIMING-RPX" Name="Rel_timing_summary_routed.rpx"/>
  <File Type="ROUTE-SIMILARITY" Name="Rel_incremental_reuse_routed.rpt"/>
  <File Type="ROUTE-CLK" Name="Rel_clock_utilization_routed.rpt"/>
  <File Type="ROUTE-BUS-SKEW" Name="Rel_bus_skew_routed.rpt"/>
  <File Type="ROUTE-BUS-SKEW-PB" Name="Rel_bus_skew_routed.pb"/>
  <File Type="ROUTE-BUS-SKEW-RPX" Name="Rel_bus_skew_routed.rpx"/>
  <File Type="POSTROUTE-PHYSOPT-DCP" Name="Rel_postroute_physopt.dcp"/>
  <File Type="POSTROUTE-PHYSOPT-BLACKBOX-DCP" Name="Rel_postroute_physopt_bb.dcp"/>
  <File Type="POSTROUTE-PHYSOPT-TIMING" Name="Rel_timing_summary_postroute_physopted.rpt"/>
  <File Type="POSTROUTE-PHYSOPT-TIMING-PB" Name="Rel_timing_summary_postroute_physopted.pb"/>
  <File Type="POSTROUTE-PHYSOPT-TIMING-RPX" Name="Rel_timing_summary_postroute_physopted.rpx"/>
  <File Type="POSTROUTE-PHYSOPT-BUS-SKEW" Name="Rel_bus_skew_postroute_physopted.rpt"/>
  <File Type="BG-BIT" Name="Rel.bit"/>
  <File Type="POSTROUTE-PHYSOPT-BUS-SKEW-PB" Name="Rel_bus_skew_postroute_physopted.pb"/>
  <File Type="POSTROUTE-PHYSOPT-BUS-SKEW-RPX" Name="Rel_bus_skew_postroute_physopted.rpx"/>
  <File Type="BITSTR-NKY" Name="Rel.nky"/>
  <File Type="BITSTR-BMM" Name="Rel_bd.bmm"/>
  <File Type="PDI-FILE" Name="Rel.pdi"/>
  <File Type="RCFI_FILE" Name="Rel.rcfi"/>
  <File Type="CFI_FILE" Name="Rel.cfi"/>
  <File Type="RNPI_FILE" Name="Rel.rnpi"/>
  <File Type="NPI_FILE" Name="Rel.npi"/>
  <File Type="RBD_FILE" Name="Rel.rbd"/>
  <File Type="BITSTR-LTX" Name="debug_nets.ltx"/>
  <File Type="BITSTR-LTX" Name="Rel.ltx"/>
  <File Type="BITSTR-SYSDEF" Name="Rel.sysdef"/>
  <File Type="BG-BGN" Name="Rel.bgn"/>
  <File Type="BG-DRC" Name="Rel.drc"/>
  <File Type="RDI-RDI" Name="Rel.vdi"/>
  <File Type="WBT-USG" Name="usage_statistics_webtalk.html"/>
  <File Type="ROUTE-RQS" Name="Rel_routed.rqs"/>
  <File Type="POSTROUTE-PHYSOPT-RQS" Name="Rel_postroute_physopted.rqs"/>
  <File Type="ROUTE-RQS-RPT" Name="route_report_qor_suggestions_0.rpt"/>
  <File Type="POSTROUTE-PHYSOPT-RQS-RPT" Name="postroute_physopt_report_qor_suggestions_0.rpt"/>
  <FileSet Name="sources" Type="DesignSrcs" RelSrcDir="$PSRCDIR/sources_1" RelGenDir="$PGENDIR/sources_1">
    <Filter Type="Srcs"/>
    <File Path="$PSRCDIR/sources_1/new/Rel.vhd">
      <FileInfo>
        <Attr Name="UsedIn" Val="synthesis"/>
        <Attr Name="UsedIn" Val="simulation"/>
      </FileInfo>
    </File>
    <Config>
      <Option Name="DesignMode" Val="RTL"/>
      <Option Name="TopModule" Val="Rel"/>
      <Option Name="TopAutoSet" Val="TRUE"/>
    </Config>
  </FileSet>
  <FileSet Name="constrs_in" Type="Constrs" RelSrcDir="$PSRCDIR/constrs_1">
    <Filter Type="Constrs"/>
    <File Path="$PPRDIR/../../../../Downloads/PED/Exemplos Aula 03/Basys3_Master.xdc">
      <FileInfo>
        <Attr Name="UsedIn" Val="synthesis"/>
        <Attr Name="UsedIn" Val="implementation"/>
      </FileInfo>
    </File>
    <Config>
      <Option Name="ConstrsType" Val="XDC"/>
    </Config>
  </FileSet>
  <FileSet Name="utils" Type="Utils" RelSrcDir="$PSRCDIR/utils_1">
    <Filter Type="Utils"/>
    <Config>
      <Option Name="TopAutoSet" Val="TRUE"/>
    </Config>
  </FileSet>
  <Strategy Version="1" Minor="2">
    <StratHandle Name="Vivado Implementation Defaults" Flow="Vivado Implementation 2022">
      <Desc>Default settings for Implementation.</Desc>
    </StratHandle>
    <Step Id="init_design"/>
    <Step Id="opt_design"/>
    <Step Id="power_opt_design"/>
    <Step Id="place_design"/>
    <Step Id="post_place_power_opt_design"/>
    <Step Id="phys_opt_design"/>
    <Step Id="route_design"/>
    <Step Id="post_route_phys_opt_design"/>
    <Step Id="write_bitstream"/>
  </Strategy>
</GenRun>
